<?xml version="1.0" encoding="UTF-8"?>
<modification>
  <name>mixplat</name>
  <code>mixplat</code>
  <version>1.0.0</version>
  <author>mixplat</author>
  <link>https://mixplat.ru/</link>
  <file name="catalog/view/theme/*/template/account/order_list.tpl">
    <operation>
      <search position="after">
        <![CDATA[ <?php foreach ($orders as $order) { ?> ]]>
      </search>
      <add>
        <![CDATA[ <div class="left">
            <?php
            if (isset($order['mixplatpro_order']) && $order['mixplatpro_order'] !='') {
                
                  echo '<script> $(document).ready(function(){
                  $(\'a[href$="info&order_id='.$order['order_id'].'"]\').before(" <div style=\"margin-right:4px; float:left; width:50%;\" ><a class=\"'.$order['mixplatprostyle'].'\" href=\"index.php?route=payment/mixplat/go&code=' . $order['mixplatpro_order'] . '&order_id='.$order['order_id'].'\" >'.$order['mixplatprotext'].'</a></div> "); }); </script>';

            }
            ?>
        </div> ]]>
      </add>
    </operation>
  </file>
  <file name="catalog/controller/account/order.php">
    <operation>
      <search position="before">
        <![CDATA[ $this->data['orders'][] = array( ]]>
      </search>
      <add>
        <![CDATA[ //mixplatPRO
        
          $this->load->model('payment/mixplat');
          $mixplatpro = '';
          $mixplatprotext = '';
          $mixplatprostyle = '';
          $mixplatproquery = $this->model_payment_mixplat->getPaymentAcc($result['order_id']);
          if (strpos($mixplatproquery['payment_code'], 'mixplat') !== false && $this->config->get($mixplatproquery['payment_code'].'_status')){
                if ($this->config->get($mixplatproquery['payment_code'].'_on_status_id') == $mixplatproquery['order_status_id']){
                  $this->language->load('payment/mixplatpro');
                  $this->language->load('payment/'.$mixplatproquery['payment_code']);
                  $mixplatprotext = $this->language->get('pay_text');
                  $mixplatpro = $this->model_payment_mixplat->getSecureCode($result['order_id']);
                  $mixplatprostyle = 'button';
                }
          }
          //mixplatPRO END ]]>
      </add>
    </operation>
    <operation>
      <search position="after">
        <![CDATA[ $this->data['orders'][] = array( ]]>
      </search>
      <add>
        <![CDATA[ //mixplatPRO
          'mixplatpro_order'      => $mixplatpro,
          'mixplatprostyle'      => $mixplatprostyle,
          'mixplatprotext'      => $mixplatprotext,

          //mixplatPRO END ]]>
      </add>
    </operation>
  </file>
  <file name="admin/controller/common/header.php">
    <operation>
      <search position="before"><![CDATA[$this->data['zone']]]></search>
      <add><![CDATA[ $this->data['mixplat'] = $this->url->link('payment/mixplat/status', 'token=' . $this->session->data['token'], 'SSL');]]></add>
    </operation>
  </file>
  <file name="admin/view/template/common/header.tpl">
    <operation>
      <search position="after"><![CDATA[<a href="<?php echo $contact; ?>"><?php echo $text_contact; ?></a>]]></search>
      <add><![CDATA[<li><a href="<?php echo $mixplat; ?>">MIXPLAT</a></li>]]></add>
    </operation>
  </file>
  <file name="admin/controller/sale/order.php">
    <operation>
       <search position="before">
       <![CDATA[ $this->template = 'sale/order_info.tpl'; ]]>
       </search>
       <add>
       <![CDATA[
        if (strpos($order_info['payment_code'], 'mixplat') !== false && $this->config->get($order_info['payment_code'].'_status')){
          $this->language->load('payment/mixplatpro');
          $this->language->load('payment/'.$order_info['payment_code']);
          $this->data['mixplatprotext'] = $this->language->get('pay_text_admin');
          $this->load->model('payment/mixplat');
          $this->data['mixplatpro_link'] = $this->model_payment_mixplat->getCustomFields($order_info, 'pay_link');
        }
       ]]>
       </add>
    </operation>
  </file>
  <file name="admin/view/template/sale/order_info.tpl">
    <operation>
    <search position="after" offset="1">
       <![CDATA[ <div id="history"></div> ]]>
    </search>
    <add>
         <![CDATA[ <?php if (isset($mixplatpro_link)){ ?>
          <tr>
            <td><?php echo $mixplatprotext; ?></td>
            <td><?php echo $mixplatpro_link; ?></td>
          </tr>
          <?php }
          ?> ]]>
    </add>
  </operation>
  </file>
  <file name="admin/model/sale/order.php">
    <operation>
    <search position="before">
       <![CDATA[ if ($data['comment']) { ]]>
    </search>
    <add>
        <![CDATA[ 
        if ($order_info['order_status_id'] && $data['order_status_id']) {
          if (strpos($order_info['payment_code'], 'mixplat') !== false && $this->config->get($order_info['payment_code'].'_status')){
                if ($this->config->get($order_info['payment_code'].'_on_status_id') == $data['order_status_id']){
                  $this->language->load('payment/mixplatpro');
                  $this->language->load('payment/'.$order_info['payment_code']);
                  $this->load->model('payment/mixplat');
                  $merchant = $this->model_payment_mixplat->getCustomFields($order_info, 'pay_link');
                  $merchant_url = sprintf($this->language->get('merchant_url'), $merchant);
                  if ($data['comment']){
                    $data['comment'] .= "\n\n";
                  }
                  $procomment = $data['comment'] . sprintf($this->language->get('text_history'), $merchant);
                  $order_history_id = $this->db->getLastId();
                  $this->db->query("UPDATE `" . DB_PREFIX . "order_history` SET comment = '" .  $this->db->escape($procomment) . "' WHERE order_id = '" . (int)$order_id . "' AND order_status_id = '" . (int)$data['order_status_id'] ."' AND  order_history_id = '" .$order_history_id. "' ");
                  $data['comment'] .= $this->language->get('text_stat') . "\n" . html_entity_decode($merchant_url, ENT_QUOTES, 'UTF-8') . "\n\n";
                }
          }
        }
        ]]>
    </add>
  </operation>
  </file>
</modification>